<?xml version="1.0" encoding="UTF-8"?>
<SOAP-ENV:Envelope xmlns:SOAP-ENC="http://schemas.xmlsoap.org/soap/encoding/" SOAP-ENV:encodingStyle="http://schemas.xmlsoap.org/soap/encoding/" xmlns:xsi="http://www.w3.org/1999/XMLSchema-instance" xmlns:SOAP-ENV="http://schemas.xmlsoap.org/soap/envelope/" xmlns:namesp45="urn:PI/DevCentral/SoapService" xmlns:xsd="http://www.w3.org/1999/XMLSchema">
	<SOAP-ENV:Body>
		<namesp46:PowerSearchRequestResponse xmlns:namesp46="urn:PI/DevCentral/SoapService">
			<return xsi:type="namesp45:ProductInfo">
				<TotalResults xsi:type="xsd:string">4</TotalResults>
				<Details SOAP-ENC:arrayType="namesp45:Details[2]" xsi:type="SOAP-ENC:Array">
					<Details xsi:type="namesp45:Details">
						<Url xsi:type="xsd:string">http://www.amazon.com/exec/obidos/redirect?tag=webservices-20%26creative=your-dev-tag%26camp=2025%26link_code=sp1%26path=ASIN/1575862492</Url>
						<Asin xsi:type="xsd:string">1575862492</Asin>
						<ProductName xsi:type="xsd:string">Selected Papers on Discrete Mathematics</ProductName>
						<Catalog xsi:type="xsd:string">Book</Catalog>
						<Authors SOAP-ENC:arrayType="xsd:string[1]" xsi:type="SOAP-ENC:Array">
							<Author xsi:type="xsd:string">Donald E. Knuth</Author>
						</Authors>
						<ReleaseDate xsi:type="xsd:string">01 December, 2002</ReleaseDate>
						<Manufacturer xsi:type="xsd:string">C S L I Publications</Manufacturer>
						<ImageUrlSmall xsi:type="xsd:string">http://images.amazon.com/images/P/1575862492.01.THUMBZZZ.jpg</ImageUrlSmall>
						<ImageUrlMedium xsi:type="xsd:string">http://images.amazon.com/images/P/1575862492.01.MZZZZZZZ.jpg</ImageUrlMedium>
						<ImageUrlLarge xsi:type="xsd:string">http://images.amazon.com/images/P/1575862492.01.LZZZZZZZ.jpg</ImageUrlLarge>
						<ListPrice xsi:type="xsd:string">$74.95</ListPrice>
						<OurPrice xsi:type="xsd:string">$74.95</OurPrice>
						<SalesRank xsi:type="xsd:string">788,697</SalesRank>
						<Lists SOAP-ENC:arrayType="xsd:string[1]" xsi:type="SOAP-ENC:Array">
							<ListId xsi:type="xsd:string">3NRG1674WMNRP</ListId>
						</Lists>
						<BrowseList SOAP-ENC:arrayType="namesp45:BrowseNode[5]" xsi:type="SOAP-ENC:Array">
							<BrowseNode xsi:type="namesp45:BrowseNode">
								<BrowseName xsi:type="xsd:string">Mathematics</BrowseName>
							</BrowseNode>
							<BrowseNode xsi:type="namesp45:BrowseNode">
								<BrowseName xsi:type="xsd:string">Computer science</BrowseName>
							</BrowseNode>
							<BrowseNode xsi:type="namesp45:BrowseNode">
								<BrowseName xsi:type="xsd:string">General</BrowseName>
							</BrowseNode>
							<BrowseNode xsi:type="namesp45:BrowseNode">
								<BrowseName xsi:type="xsd:string">Discrete Mathematics</BrowseName>
							</BrowseNode>
							<BrowseNode xsi:type="namesp45:BrowseNode">
								<BrowseName xsi:type="xsd:string">Computers</BrowseName>
							</BrowseNode>
						</BrowseList>
						<Media xsi:type="xsd:string">Hardcover</Media>
						<NumMedia xsi:type="xsd:string">1</NumMedia>
						<Isbn xsi:type="xsd:string">1575862492</Isbn>
						<Availability xsi:type="xsd:string">Not yet published</Availability>
						<SimilarProducts SOAP-ENC:arrayType="xsd:string[5]" xsi:type="SOAP-ENC:Array">
							<Product xsi:type="xsd:string">1575862123</Product>
							<Product xsi:type="xsd:string">1881526917</Product>
							<Product xsi:type="xsd:string">1579550088</Product>
							<Product xsi:type="xsd:string">1575863278</Product>
							<Product xsi:type="xsd:string">0895792524</Product>
						</SimilarProducts>
					</Details>
					<Details xsi:type="namesp45:Details">
						<Url xsi:type="xsd:string">http://www.amazon.com/exec/obidos/redirect?tag=webservices-20%26creative=your-dev-tag%26camp=2025%26link_code=sp1%26path=ASIN/1575863812</Url>
						<Asin xsi:type="xsd:string">1575863812</Asin>
						<ProductName xsi:type="xsd:string">Selected Papers on Computer Languages (Csli Lecture Notes, No. 139)</ProductName>
						<Catalog xsi:type="xsd:string">Book</Catalog>
						<Authors SOAP-ENC:arrayType="xsd:string[1]" xsi:type="SOAP-ENC:Array">
							<Author xsi:type="xsd:string">Donald Ervin Knuth</Author>
						</Authors>
						<ReleaseDate xsi:type="xsd:string">01 December, 2002</ReleaseDate>
						<Manufacturer xsi:type="xsd:string">C S L I Publications</Manufacturer>
						<ImageUrlSmall xsi:type="xsd:string">http://images.amazon.com/images/P/1575863812.01.THUMBZZZ.jpg</ImageUrlSmall>
						<ImageUrlMedium xsi:type="xsd:string">http://images.amazon.com/images/P/1575863812.01.MZZZZZZZ.jpg</ImageUrlMedium>
						<ImageUrlLarge xsi:type="xsd:string">http://images.amazon.com/images/P/1575863812.01.LZZZZZZZ.jpg</ImageUrlLarge>
						<ListPrice xsi:type="xsd:string">$75.00</ListPrice>
						<OurPrice xsi:type="xsd:string">$75.00</OurPrice>
						<BrowseList SOAP-ENC:arrayType="namesp45:BrowseNode[8]" xsi:type="SOAP-ENC:Array">
							<BrowseNode xsi:type="namesp45:BrowseNode">
								<BrowseName xsi:type="xsd:string">Programming Languages - General</BrowseName>
							</BrowseNode>
							<BrowseNode xsi:type="namesp45:BrowseNode">
								<BrowseName xsi:type="xsd:string">Programming languages (Electro</BrowseName>
							</BrowseNode>
							<BrowseNode xsi:type="namesp45:BrowseNode">
								<BrowseName xsi:type="xsd:string">Computer Programming Languages</BrowseName>
							</BrowseNode>
							<BrowseNode xsi:type="namesp45:BrowseNode">
								<BrowseName xsi:type="xsd:string">Language Arts / Linguistics / Literacy</BrowseName>
							</BrowseNode>
							<BrowseNode xsi:type="namesp45:BrowseNode">
								<BrowseName xsi:type="xsd:string">Language Arts &amp; Disciplines</BrowseName>
							</BrowseNode>
							<BrowseNode xsi:type="namesp45:BrowseNode">
								<BrowseName xsi:type="xsd:string">Linguistics</BrowseName>
							</BrowseNode>
							<BrowseNode xsi:type="namesp45:BrowseNode">
								<BrowseName xsi:type="xsd:string">Programming - General</BrowseName>
							</BrowseNode>
							<BrowseNode xsi:type="namesp45:BrowseNode">
								<BrowseName xsi:type="xsd:string">Computers</BrowseName>
							</BrowseNode>
						</BrowseList>
						<Media xsi:type="xsd:string">Hardcover</Media>
						<NumMedia xsi:type="xsd:string">1</NumMedia>
						<Isbn xsi:type="xsd:string">1575863812</Isbn>
						<Availability xsi:type="xsd:string">Not yet published</Availability>
					</Details>
				</Details>
			</return>
		</namesp46:PowerSearchRequestResponse>
	</SOAP-ENV:Body>
</SOAP-ENV:Envelope>
