<?xml version="1.0" encoding="UTF-8"?>
<SOAP-ENV:Envelope xmlns:SOAP-ENC="http://schemas.xmlsoap.org/soap/encoding/" SOAP-ENV:encodingStyle="http://schemas.xmlsoap.org/soap/encoding/" xmlns:xsi="http://www.w3.org/1999/XMLSchema-instance" xmlns:SOAP-ENV="http://schemas.xmlsoap.org/soap/envelope/" xmlns:xsd="http://www.w3.org/1999/XMLSchema" xmlns:namesp159="urn:PI/DevCentral/SoapService">
	<SOAP-ENV:Body>
		<namesp160:SellerSearchRequestResponse xmlns:namesp160="urn:PI/DevCentral/SoapService">
			<return xsi:type="namesp159:SellerSearch">
				<SellerSearchDetails SOAP-ENC:arrayType="namesp159:SellerSearchDetails[1]" xsi:type="SOAP-ENC:Array">
					<SellerSearchDetails xsi:type="namesp159:SellerSearchDetails">
						<SellerNickname xsi:type="xsd:string">1bookstreet</SellerNickname>
						<StoreId xsi:type="xsd:string">S2HD7SHV3OTSUT</StoreId>
						<StoreName xsi:type="xsd:string">1bookstreet zShop</StoreName>
						<NumberOfOpenListings xsi:type="xsd:string">3872</NumberOfOpenListings>
						<ListingProductInfo xsi:type="namesp159:ListingProductInfo">
							<ListingProductDetails SOAP-ENC:arrayType="namesp159:ListingProductDetails[1]" xsi:type="SOAP-ENC:Array">
								<ListingProductDetails xsi:type="namesp159:ListingProductDetails">
									<ExchangeId xsi:type="xsd:string">Y02Y1970161Y5209934</ExchangeId>
									<ListingId xsi:type="xsd:string">0621T021450</ListingId>
									<ExchangeTitle xsi:type="xsd:string">Little Prayer Series: Classic Children's Prayers [Hardcover]  by Parry, Alan...</ExchangeTitle>
									<ExchangePrice xsi:type="xsd:string">$3.76</ExchangePrice>
									<ExchangeAsin xsi:type="xsd:string">0849911605</ExchangeAsin>
									<ExchangeEndDate xsi:type="xsd:string">12/31/1969 16:00:00 PST</ExchangeEndDate>
									<ExchangeOfferingType xsi:type="xsd:string">new</ExchangeOfferingType>
								</ListingProductDetails>
							</ListingProductDetails>
						</ListingProductInfo>
					</SellerSearchDetails>
				</SellerSearchDetails>
			</return>
		</namesp160:SellerSearchRequestResponse>
	</SOAP-ENV:Body>
</SOAP-ENV:Envelope>
